{"cameraMode":{"drawMode":0,"name":"Shaded","section":"Shading Mode"},"sceneLighting":true,"audioPlay":false,"sceneViewState":{"showFog":true,"showMaterialUpdate":false,"showSkybox":true,"showFlares":true,"showImageEffects":false,"showParticleSystems":true},"in2DMode":false,"pivot":{"x":164.07704162597657,"y":293.4423828125,"z":205.86273193359376},"rotation":{"x":-0.011999675072729588,"y":0.0014998563565313817,"z":0.00001806509135349188,"w":0.9999272227287293},"size":509.7884826660156,"orthographic":false}