{"cameraMode":{"drawMode":0,"name":"Shaded","section":"Shading Mode"},"sceneLighting":false,"audioPlay":false,"sceneViewState":{"showFog":true,"showMaterialUpdate":false,"showSkybox":false,"showFlares":true,"showImageEffects":true,"showParticleSystems":true},"in2DMode":false,"pivot":{"x":0.004252481274306774,"y":0.004999999888241291,"z":-0.004239392466843128},"rotation":{"x":-0.14255426824092866,"y":-0.6756064295768738,"z":0.13554640114307404,"w":-0.7105376124382019},"size":0.026898222044110299,"orthographic":true}