{"cameraMode":{"drawMode":0,"name":"Shaded","section":"Shading Mode"},"sceneLighting":false,"audioPlay":false,"sceneViewState":{"showFog":true,"showMaterialUpdate":false,"showSkybox":false,"showFlares":true,"showImageEffects":false,"showParticleSystems":true},"in2DMode":false,"pivot":{"x":-6.057987213134766,"y":138.30758666992188,"z":149.7726593017578},"rotation":{"x":-0.04342087730765343,"y":-0.05481864884495735,"z":-0.0023859424982219936,"w":0.9975510835647583},"size":0.06501183658838272,"orthographic":true}