{"cameraMode":{"drawMode":0,"name":"Shaded","section":"Shading Mode"},"sceneLighting":true,"audioPlay":false,"sceneViewState":{"showFog":true,"showMaterialUpdate":false,"showSkybox":true,"showFlares":true,"showImageEffects":false,"showParticleSystems":true},"in2DMode":false,"pivot":{"x":-33.082401275634769,"y":-397.49835205078127,"z":241.97930908203126},"rotation":{"x":-0.4856630265712738,"y":0.0615202933549881,"z":-0.034292757511138919,"w":-0.8713152408599854},"size":238.8572998046875,"orthographic":false}